coin,corr_with_sp500
ADA,0.3595529153151458
BNB,0.29981120481353113
BTC,0.38606734181123264
DOGE,0.15933206925229798
DOT,0.33689911768750913
ETH,0.4020409650399548
LTC,0.35091736583184285
SOL,0.31612190797120904
XRP,0.27715894297445454
